「我の影武者とヒデーヨの一族にも	「我的影武者和秀代一族
　魔軍の城を守らせよう」	　也去守魔军的城吧」
「超大名城ある限り	「只要超大名城还在
　何度もこやつらをよみがえらせ」	　这些家伙就会一次次复活
「我は城から力を得	「我从城中获得力量
　だれにも負けることの無い存在となる」	　成为无人能敌的存在」
「日の本は我が生まれた大陸・・・	「日之本是我出生的大陆……
　残しておきたかったがやむを得ぬ」	　本想留着，但没办法」
「ハメツの舞で消し去ってくれよう！	「就用毁灭之舞把它抹去吧！
　我こそが真の天下をとろうぞ！」	　我才是真正的天下之主！」
「とうとう魔軍の大将　超大名が出てきたようデス」	「魔军大将超大名终于出现了」
　日の本が小さくなってるぞ！」	　日之本的版图变小了！」
「・・・・・・気のせいデス」	「……是错觉」
「今度は魔軍の城の数も広さも	「这次魔军的城，数量和范围
　これまで以上デス」	　都超过以往」
「魔軍の城　１３城	「魔军的城　13座
　築城中の城　７城　デス」	　筑城中的城　7座」
「ここが戦国超大名ノブロングのいる	「这里就是战国超大名信长所在的
　超大名城デス」	　超大名城」
「ちけーじゃねえか！	「也太近了吧！
　すぐにぶっとばしてやる！」	　马上就去把它打飞！」
「それはムズカシイようデス	「那恐怕很难
　ハタにチュウモクしてクダサイ」	　请注意旗帜」
「ここにある<魔軍のハタ>は	「这里的<魔军旗帜>
　魔軍の<城の数>をあらわしてイマス」	　代表着魔军<城的数量>」
「そしてノブロングは	「而且信长好像
　魔軍の城から力を得ているようデス」	　是从魔军的城获得力量」
「つまり　ここに<魔軍のハタが多い>ほど	「也就是说，这里<魔军旗帜越多>
　<ノブロングは強い>ようデス」	　<信长就越强>」
「魔軍の<城をできるだけうばい>	「必须尽可能<夺取魔军的城>
　超大名を<弱める>必要がありマス」	　<削弱>超大名」
「魔軍の城デス	「这是魔军的城
　城内の大名をたおせば城をうばえマス」	　打倒城里的大名就能夺取此城」
「シカシ　魔軍も今回は本気デス」	「不过这次魔军也是认真的」
「城をうばった後に	「夺取城池之后
　うばいかえしにくると考えられマス」	　他们大概会来夺回」
「返り討ちにすりゃいいじゃねーか」	「那就反杀回去不就行了」
「それもそうデスガ・・・	「话是这么说……
　すべての城を守れるカクリツは低いデス」	　但守住所有城的几率很低」
「城の者にお金をはらって<大砲を設置し>	「建议付钱给城里的人<架设大炮>
　大砲で<守らせる>ことをオススメシマス」	　让他们<用大炮防守>」
「すでに大砲が設置されている城も	「有些城好像
　あるようデスネ」	　已经架好大炮了」
「このような城ナラバ	「这样的城
　うばいかえされる心配もないデショウ」	　就不用担心被夺回了」
「デハ　がんばってクダサイ」	「那么，加油吧」
「日の本はオレ様が守ってやるぜ！」	「日之本由本大爷来守护！」
３0秒で超大名をたおせ！	30秒内打倒超大名！
座標	坐标
船が来た！	船来了！
「<RGN_NAME__>　タイヘンデス」	「<RGN_NAME__>，不好了」
「なんだ？」	「怎么了？」
「魔軍が城を	「魔军好像要来
　うばいかえしに来るようデス」	　夺回城堡」
「この影が城にまで来ると	「这个影子一旦到达城堡
　城はうばいかえされてしまいマス」	　城堡就会被夺回」
「影をたおすか　大砲を設置してクダサイ」	「请打倒影子，或者架设大炮」
「どこの城にくるのか　わからねえのか！？」	「不知道它会去哪座城吗！？」
「わからないノデ　気をつけてクダサイ	「不清楚，请注意
　次々と出てくる可能性がアリマス」	　可能会接连出现」
「戦況の報告であります！」	「战况报告！」
「敵の城は<%s城>！	「敌城有<%s座>！
　味方の城は[%s城]！　以上であります！！」	　友方城堡为[%s城]！报告完毕！！」
「おお！　かたじけない！	「哦哦！多谢！
　これでこの城も安全じゃ！」	　这样这座城也安全了！」
「戦はまだ終らぬゆえ	「战争尚未结束
　ここの城の者を一人連れていったらどうだ」	　不如带上这座城里的一个人吧」
「手だれのサムライだ　役に立つであろう」	「是个老练的武士，会派上用场」
「いや～　よかったよかった	「哎呀～太好了太好了
　これで大砲がこしらえられる」	　这样就能造大炮了」
「礼と言ってはなんだが	「说谢礼有点见外
　ここの城にウデの立つやつがおる」	　这座城里有个身手不错的家伙」
「そいつを連れて行ってくれ	「把他带走吧
　仲間は多い方がよいだろう」	　同伴总是越多越好」
「これはこれは！　ありがたい！	「哎呀哎呀！多谢！
　必ずやこの城は守ってみせます」	　我一定守住这座城」
「お礼に・・・　ここの城に仕えているニンジャを	「作为谢礼……请带上一名
　おともとして連れてっておくんなせい」	　侍奉此城的忍者同行」
「こいつはいい仕事しますぜ　だんな！」	「这家伙干活可利索了，老爷！」
「なんとっ！	「竟然！
　このような大金をどこで！？」	　这么大一笔钱是从哪儿来的！？」
「いやいや　多くは聞きますまい	「不不，我就不多问了
　礼として我が教え子を連れて行くとよい」	　作为谢礼，带上我的徒弟吧」
「ふふふ　多くは聞きなさんな」	「呵呵呵，别多问啦」
「良い大砲を安く！	「便宜的好大炮！
　それがそれがしの信念なのだが・・・」	　这是在下我的信念……」
「そもそもお金がなくてな	「可就是没钱
　作ることができん」	　造不出来」
「この城の大砲さえできれば	「只要这座城的大炮能造出来
　他の城の大砲も作りに行けるかもしれぬ」	　说不定就能去别的城造大炮了」
「大砲をぶっぱなしてえ！	「真想放一炮！
　でもこの城に大砲がねえんだ！！」	　可这座城没大炮啊！！」
「ちくしょうべらぼうめっ！」	「可恶的混账！」
「大砲がありゃあ	「要是有大炮
　超大名に一泡吹かせてやんのに！！」	　就能让超大名吃个大亏了！！」
「おお！	「哦哦！
　これだけあればいい大砲が作れるぞ」	　有这些就能造出好大炮了」
「助かった！　この城を守れる！」	「得救了！能守住这座城了！」
「お礼に他の城の大砲も	「作为谢礼，其他城的大炮
　それがしが作ってしんぜよう」	　也由在下去造吧」
「兵長たちには大砲が安くなったと	「大炮变便宜的事
　こちらから伝えておく」	　我会转告各位兵长」
大砲が安くなった！	大炮变便宜了！
「ありがてえ！	「多谢！
　ふふふ　これで大砲ぶっぱなせるぜ！」	　呵呵呵，这样就能放炮了！」
「あっしは元々大砲が得意でして	「我本来就擅长用大炮
　やつらに一発ぶちかましたかったわけよ」	　早就想给他们来一发了」
「案じなさんな	「别担心
　あんたに当てたりはしねえよ」	　不会打到你身上的」
「あっしの　かれいなる大砲！」	「我漂亮的大炮！」
「あっ！　とくとごらんに	「啊！请好好欣赏
　い～れ～ま～しょ～うっ！」	　看～一～看～吧～！」
大砲でうってもらえる！	可以让它们开炮了！
天下討ち取り！	夺取天下！
「やりマシタネ　<RGN_NAME__>」	「干得漂亮，<RGN_NAME__>」
「神だろうと大名だろうと・・・	「不管是神还是大名……
　オレ様にかかればこんなもんよ！」	　到了本大爷手里就这点本事！」
「コレデ超大名の魔の手は	「这样超大名的那点魔爪
　二度とのびることはないでショウ」	　就再也伸不出来了」
「シカシ	「不过
　またもや天下を取ってしまいマシタガ」	　您又一次夺取了天下呢」
「どうするのデスカ？」	「您打算怎么办？」
「どうするもこうするもなかろうが！	「还能怎么办！
　すべて武将トクガに任せればよい」	　全交给武将托加就行了」
「っと　しゃべりがうつってきたぜ」	「呃，口音都传染给我了」
「このような大陸も悪くないデスネ」	「这样的大陆也不错呢」
「武将トクガもなかなかイキな男だったしな！」	「武将托加也是个相当潇洒的男人！」
「イキ・・・ですか」	「潇洒……是吗」
「イキを知らねーのか！？	「你不知道什么叫潇洒吗！？
　イキってのはな・・・感じるもんだ！」	　潇洒这东西……是要用心感受的！」
「ワカリマセン」	「无法理解」
「世界一イキなオレ様と旅してんだから	「你可是在跟全世界最潇洒的本大爷旅行
　３０号もそのうちわかるんじゃねーの」	　30号你迟早也会明白的」
「そうデスカ	「是么
　イキを分析しておきマス」	　我会把潇洒分析一下」
「それでは　<RGN_NAME__>　次へ進みマセウ」	「那么，<RGN_NAME__>，我们继续前进吧」
戦国大名ヒデーヨ？	战国大名秀代？
「来おったな！　<RGN_NAME__>！	「你终于来了！<RGN_NAME__>！
　ヒデーヨ三男が相手だ！」	　你的对手是秀代三男！」
「戦国超大名様がいる限り	「只要战国超大名大人在
　なんどでも立ちはだかってやるわ！」	　我就会一次次挡在你面前！」
「<RGN_NAME__>ー！	「<RGN_NAME__>！
　我の分身が世話になったようだな！！」	　听说我的分身们受你照顾了！！」
「このヒデーヨが直々におまえを討ち！	「我秀代要亲手讨伐你！
　戦国超大名様にほうびをもらうのだー！！」	　好从战国超大名大人那儿领赏！！」
「ぬう！　<RGN_NAME__>！	「唔！<RGN_NAME__>！
　我が子の分身のカタキめ！」	　我儿子分身的仇敌！」
「ここでカタキは取らせてもらおう・・・	「就在这儿讨回这笔仇……
　さあここまで来い！　そして果てろ！」	　过来！然后去死吧！」
「たとえ分身だとしても・・・	「就算是分身……
　かわいい我が子を痛めつけたうらみ！」	　你折磨我可爱的孩子，这仇我记下了！」
「ここでうらみはらさでおくべきか！	「这仇岂能不在此地报了！
　うらめしい！　斬りすててやる！！」	　可恨！我要把你砍了！！」
「<RGN_NAME__>！　家族だけでなく・・・	「<RGN_NAME__>！你不只害我家人……
　戦国超大名様にあだなす者よ」	　还敢与战国超大名大人为敌」
「ふとどき千万っ！	「罪该万死！
　ここまで来い！　討ち取ってやる！！」	　过来！我要取你首级！！」
「来たか・・・この怒り・・・にくしみっ！	「你来了……这份愤怒……这份憎恨！
　長男である我がおぬしをしとめる！」	　身为长男的我，就由我来结果你！」
「負けるわけにはいかぬのだ！	「我绝不能输！
　おとなしく討ち取られるがいい！！」	　乖乖受死吧！！」
「我は主に仕えし影武者	「吾乃侍奉主君的影武者
　この城をわたすわけにはいかん」	　此城绝不相让」
「どうしてもというのなら	「若你执意要夺
　我を討ち取ってみせよ・・・」	　就先取我性命吧……」
「ゴラァァ！！　四天大名ゾゾラノスケってのは	「哦啦！！四天大名佐佐拉之助
　このおれのことよ！　すっとこどっこいが！」	　说的就是老子我！蠢货！」
「<RGN_NAME__>ってのはてめーかっ！	「你就是<RGN_NAME__>吗！
　日の本までぶっとばしてやる！」	　连整个日之本都给你打飞！」
「クハハハハッ　クハハハハッ	「咕哈哈哈哈　咕哈哈哈哈
　我は四天大名タイラエモンなり」	　吾乃四天大名平右卫门」
「超大名様にそむくおろか者よ	「忤逆超大名大人的蠢货
　ここで力つきるが良い」	　就在此地力竭吧」
「我　火を司りし大名	「吾乃司掌火之大名
　その名も　バゼラゾウなり」	　名叫巴泽拉佐」
「引かぬなら　燃やしてしまおう	「不退，就把你烧掉
　武者<RGN_NAME__>！！」	　武者<RGN_NAME__>！！」
「我　水を司りし大名	「吾乃司掌水之大名
　その名も　カイシンタなり」	　名叫凯辛」
「なぜさからう　何をほっしている	「为何反抗，你在渴望什么
　身のほどを　知るがいい・・・」	　还是认清自己的分量吧……」
「アハッ▼　アハハッ▼	「啊哈▼　啊哈哈▼
　あたいは四天大名ヴェトランコ▼」	　我是四天大名维特拉恩科▼」
「男にほれて人をすてたあわれな女	「迷恋男人、舍弃人性的可怜女人
　そなたもあわれな男・・・　消えな」	　你也是个可怜的男人……消失吧」
「おぬしが<RGN_NAME__>か！	「你就是<RGN_NAME__>吗！
　我はヒデーヨの知人だ！！」	　我是秀代的熟人！！」
「ただの知人が城を守るを定めとするならば	「既然连普通熟人都要守城
　おぬしがただの知人に負けるのも定めだ！！」	　那你输给一个普通熟人也是注定！！」
「ヒデーヨの敵というのはおぬしかっ！	「秀代的敌人就是你吗！
　親友の敵は我の敵っ！！」	　挚友的敌人就是我的敌人！！」
「友のために刀をふるおう・・・	「为朋友挥刀……
　おぬしはこの城で討ち取らせてもらう！」	　你就死在这座城里吧！」
「ギャッギャッギャッギャッギャ！	「嘎嘎嘎嘎嘎！
　我　四天大名ジャアブロウなり」	　吾乃四天大名贾布罗」
「いいところへ来た	「来得正好
　ひまだ　遊んでやろう！！」	　我正无聊，陪你玩玩！！」
「我　風を司りし大名	「吾乃司掌风之大名
　その名も　キュラマサなり」	　名叫库拉玛萨」
「世の風は　そなたに吹いていない	「世间之风可不吹向你
　超大名様にこそ　吹いておるのだ」	　只吹向超大名大人」
「まったく・・・ヒデーヨもこまったものだ	「真是的……秀代也真让人头疼
　ハトコとは言えだまって見ているわけにもいかん」	　虽说是表亲，但也不能袖手旁观」
「これ以上は家の名をけがさせぬぞ	「不能再让你玷污我们家族的名声
　さあ来い！！」	　来吧！！」
「我はヒデーヨのイトコである！	「我是秀代的表亲！
　おぬしが<RGN_NAME__>か！！」	　你就是<RGN_NAME__>吗！！」
「分家の代表として参った！	「我是代表分家来的！
　おぬしの所業もここまでよ！！」	　你的所作所为到此为止！！」
「影なりて	「化为影子
　城守る者　ここにあり」	　守城者在此」
「来たる者ども	「来者诸君
　いざ討ち消さん！！」	　就此受死吧！！」
「我　土を司りし大名	「吾乃司掌土之大名
　その名も　タリアンジョウなり」	　名叫塔里安卓」
「戦はよごれるゆえ好かぬ	「战争肮脏，我不喜欢
　すぐに終らせようぞ　さあ来なさい」	　快点结束吧，来吧」
城がとられた！	城堡被夺走了！
大砲をおいた！	架设了大炮！
村長「かまいたちはの　何でも斬ってしまうようかいじゃ」	村长「镰鼬啊，是能把什么都斩断的妖怪」
おお食い武士「こんにゃくのためにも　この城は我がお守りもうす！」	大胃武士「为了魔芋，这座城由在下来守！」
きまじめ武士「上下にハタがある城すべてに　トゲのワナがあったぞ」	认真武士「上下都有旗帜的城里，全都有尖刺陷阱」
「我は戦国大名ヒデーヨ！」	「吾乃战国大名秀代！」
「日の本の多くの国は我がものとなり	「日之本诸多国度已归我所有
　各地に魔軍の城ができた！」	　各地都建起了魔军的城堡！」
「まだ　築城中の城もあるが	「虽然还有些城在建造中
　１５秒もすれば完成する」	　但15秒后就会完工」
「残るは武将トクガのいる国のみっ！」	「只剩武将托加所在的国家了！」
「トクガめ！	「托加这厮！
　ことごとく魔軍にはんこうしおって！」	　竟敢处处反抗魔军！」
「手に入らぬ国は破壊するのみ！！」	「得不到的国家，就毁掉！！」
「大砲の準備が終るまで　<あと３０秒>」	「大炮准备完成还有<30秒>」
「一つの城の大砲でも事足りるが	「一座城的大炮也够用了
　すべての城から撃ちこんでくれるわ！」	　但我要从所有城堡一起轰！」
「せいぜい３０秒もがくがいい！」	「就尽情挣扎30秒吧！」
「これで天下は我のものだー！	「这样一来天下就归我了！」
「一つの城を集中攻撃とは	「集中攻击一座城啊
　あの馬に乗ったやつ　いけすかねえな」	　骑在那匹马上的家伙，真碍眼」
「言われなくても赤い城は	「就算你不说
　オレ様が全部落としてやるよ！」	　本大爷也会把红城全打下来！」
「な・・・　なんとゴウカイな！	「什……何等豪迈！
　かたじけない！　せっしゃは城を守ろうぞ！」	　多谢！在下定要守住城堡！」
「そういうことなら　わたしの仕事ね▼」	「既然如此，这就是我的工作了▼」
「おい女神　その前に	「喂女神，在那之前
　そもそも戦国大名ってのは何だ？」	　战国大名到底是什么？」
「そこ聞いちゃう？	「你要问这个？
　そうね～　エライ人かしら・・・」	　嗯～大概是很了不起的人吧……」
「ま！　王様みたいなものね」	「总之！就跟国王差不多」
「赤い城が各地にたくさんあるわ	「各地有许多红色的城
　これが魔軍の城ね」	　这就是魔军的城」
「いや～　いくら<RGN_NAME__>でも	「哎呀～就算是<RGN_NAME__>
　城は壊せないんじゃない？」	　也打不坏城堡吧？」
「すべての城内のおくには	「所有城堡的深处
　戦国大名ヒデーヨがいるみたいよ」	　好像都有个战国大名秀代」
「ヒデーヨをたおせば　城をうばえるかも！」	「打倒秀代，说不定就能夺下城！」
「おいちょっとまて！」	「喂，等一下！」
「う～ん　そうねえ・・・」	「嗯～这个嘛……」
　ヒデーヨの分身がつくられているみたいなの」	　好像有人在制造秀代的分身」
「築城中の城もあるわね」	「还有些城在建呢」
　城の完成を止められると思うわよ」	　就能阻止城堡完工」
「ところどころに穴があって	「到处都有洞
　どこかへつながってるみたい」	　好像通向某处」
「でも中からモンスターの気配がするわ！	「不过里面有怪物的气息！
　気をつけてね」	　小心点」
「でも　敵の城も多いし	「而且敌城很多
　ここはかなり広いから気をつけて！」	　这里又相当辽阔，小心点！」
「トクガ国は３０秒後には壊されちゃうわ	「托加国30秒后就会被毁
　残り時間にも気をつけてね」	　注意剩余时间哦」
「それじゃ！　がんばってね～★」	「那么！加油哦～★」
「戦に巻き込まれたようデスネ」	「看来被卷进战争了呢」
「おい３０号	「喂30号
　戦国大名ってのはどういう意味だ？」	　战国大名是什么意思？」
「それぞれの土地の王様のような存在デス」	「就像各地土地之王一样的存在」
「・・・・・・	「……
　どうしマスカ　<RGN_NAME__>」	　怎么办，<RGN_NAME__>」
「気に入らねえから　やつの城全部落としてやるか！」	「看不顺眼，就把他的城全打下来吧！」
「言われなくてもやってやるよ！」	「不用你说我也会做！」
「かたじけない！　せっしゃは城を守ろうぞ！」	「多谢！在下定要守住城堡！」
「赤い魔軍の城が各地に多数ありマス」	「各地有许多红色的魔军城堡」
「いくら<RGN_NAME__>でも	「就算是<RGN_NAME__>
　城は壊せまセン」	　也打不坏城堡」
「すべての城内の奥には	「所有城堡的深处
　戦国大名ヒデーヨがいるようデス」	　好像都有个战国大名秀代」
「ヒデーヨをたおせば	「打倒秀代
　城をうばえるかもしれまセン」	　说不定就能夺下城」
「おいちょっと待て！」	「喂，等一下！」
「解析中・・・」	「分析中……」
　ヒデーヨの分身がつくられているようデス」	　好像有人在制造秀代的分身」
「築城中の城もあるようデス	「好像还有些城在建
　作業している人が見えマス」	　能看到施工的人」
　城の完成を止められマス」	　就能阻止城堡完工」
「ところどころに穴もあるようデス	「好像到处都有洞
　どこかへつながってイマス」	　通向某处」
「しかし　モンスターがいるようデス	「不过里面好像有怪物
　気をつけてクダサイ」	　请小心」
「しかし　城の数は多く　場所も広いデス」	「不过城多，地方也大」
「トクガ国の城は３０秒後に破壊されるデショウ	「托加国的城30秒后就会被破坏
　残り時間に気をつけてクダサイ」	　请注意剩余时间」
「デハ　<RGN_NAME__>　がんばってクダサイ」	「那么，<RGN_NAME__>，加油吧」
３0秒で城をすべて落とせ！	30秒内打下所有城堡！
巻物「かまいたち」！	卷轴「镰鼬」！
トゲがなくなった！	尖刺消失了！
巻物「ぬりかべ」！	卷轴「涂壁」！
土のカベができた！	土墙出现了！
築城させぬ	不许筑城
　敵の城はあと<%s城>です！」	　敌城还剩<%s座>！」
「<RGN_NAME__>殿！	「<RGN_NAME__>殿下！
「すごーい！	「好厉害——！
　本当に全部の城を落としちゃった！」	　真的把所有城都打下来了！」
「楽勝だなっ！」	「轻松搞定！」
「結果的に<RGN_NAME__>が	「结果<RGN_NAME__>
　日の本の天下を取っちゃったわね♪」	　把日之本的天下都拿到手了呢♪」
「ということは・・・	「也就是说……
　日の本は<RGN_NAME__>のものでー」	　日之本是属于<RGN_NAME__>的——」
「日の本のお金は	「那么日之本的钱
　わたしのものってことかしら▼」	　就是我的了吧▼」
「まあここにはいられねえがな	「不过我待不在这儿就是了
　オレ様はそんなもん必要ねえ！」	　本大爷不需要那些东西！」
「ちょっと待って待って！	「等等等等！
　それは考え直さない<RGN_NAME__>？」	　<RGN_NAME__>，你要不要再考虑一下？」
「だってだって	「可是可是
　ねんぐとかもらってお金ザクザクよ！？」	　能收年贡，钱哗哗地进账哦！？」
「神をたおさなきゃいけねーんだぞ！	「我还得去打倒神呢！
　ここにいたってしょーがねーじゃねえか！」	　待在这儿有什么用！」
「じゃあじゃあ	「那那
　わたしが日の本のことはやるから」	　日之本的事我来管」
「オレ様と神をたおすんだろうが！	「跟我一起去打倒神啊！
　日の本は武将トクガにでもまかせりゃいいだろ！」	　日之本交给武将托加不就行了！」
「わかったわ・・・	「好吧……
　そこまで言うならあきらめるわよ・・・」	　你都说到这份上，我就放弃了……」
「じゃあ・・・　次もがんばってね・・・」	「那么……下次也加油哦……」
「やっぱり考え直さない？」	「真的不再考虑一下？」
「しつけえっ！！」	「烦死了！！」
「<RGN_NAME__>　オミゴトデス！」	「<RGN_NAME__>，干得漂亮！」
「楽勝だな！」	「轻松搞定！」
「コレは　ケッカとして・・・」	「这结果也就是……」
「<RGN_NAME__>が	「<RGN_NAME__>
　日の本の天下を取りましたネ」	　夺取了日之本的天下呢」
「まー　そうなるか」	「嘛，也是」
「ここにいすわるわけには	「不过我总不能
　いかねーがな」	　一直待在这儿」
「・・・ソウデスネ	「……是啊
　先をいそぎますか<RGN_NAME__>」	　加快脚步吧，<RGN_NAME__>」
巻物「かまいたち」が完成！	卷轴「镰鼬」完成！
巻物「ぬりかべ」が完成！	卷轴「涂壁」完成！
巻物「　まい　　」を入手！	获得卷轴「　镰鼬　」！
巻物「ぬ　　　」を入手！	获得卷轴「涂　　　」！
巻物「　　　たち」を入手！	获得卷轴「　　　鼬」！
巻物「　りか　」を入手！	获得卷轴「　涂壁　」！
巻物「　　　べ」を入手！	获得卷轴「　　　壁」！
「大砲の準備はできた！	「大炮准备好了！
　さあ！　天下を我のものにっ！！」	　来吧！天下归我！！」
「撃てぇぇぇーーーーっ！！」	「开炮————！！」
ワーカナイ村	瓦卡奈村
学のある武士「巻物には　ようかいの力が込められているのだとか」	有学识武士「据说卷轴里灌注着妖怪之力」
強がり武士「この城は心配にはおよびませぬ！」	逞强武士「这座城无需担心！」
きまじめ武士「船が消えれば　大砲を撃たれはしないであろう」	认真武士「只要船没了，就不会被炮轰了吧」
村長「城は大丈夫であろうか」	村长「城堡没事吧」
ホツカイドウ城	北海道城
３０号「キオン　テイカチュウ・・・」	30号「气温　下降中……」
かっちゅう好き「まぎれてみたものの・・・　戦になったらどうしよう」	爱盔甲者「虽然混进来了……可要是打起仗来怎么办」
グウンマ城	群马城
３０号「カッチュウと　マチガエられマシタ」	30号「被误认成铠甲了」
せんにゅう武士「ニンジャになりたい」	潜入武士「我想当忍者」
いせいの良い武士「何が来ようと　せっしゃは負けぬぞ！」	精神武士「不管来什么，在下都不会输！」
いきな武士「カブトあまってんだけど　どうだい？」	时髦武士「头盔多出来了，要不要？」
さしみ	生鱼片
おっちゃん「らっしゃ～い　しんせんだよ～う」	大叔「欢迎光临～很新鲜的哦～」
兵長「大砲があるゆえ　この城は安全でござる」	兵长「有大炮，这座城很安全」
武士「<RGN_NAME__>殿　ご武運を！」	武士「<RGN_NAME__>殿下，祝武运昌隆！」
やき魚	烤鱼
おっちゃん「やけてるよ～」	大叔「烤好了哦～」
兵長「はーっはっはっは　大砲で百人力じゃい！」	兵长「哈——哈哈哈，有大炮就是百人之力！」
若武士「ハタの多い城では　何かしら得なことがあるらしいですぞ」	年轻武士「旗帜多的城好像有什么好处」
かばやき	烤鳗鱼
店主「ごはんはまだできてないが・・・　食べるか？」	店主「饭还没做好……要吃吗？」
武士「どうぞ　船はお好きなようにお使いくだされ！」	武士「请随意使用这条船！」
武将の右ウデ「お金の使いどころも攻める順番も大事なんじゃ！」	武将的右臂「钱花在哪、先攻哪儿都很重要！」
兵長「大砲がないたあ　ちくしょうべらぼうめっ！」	兵长「居然没大炮，可恶的混账！」
兵長「大砲なら　おまかせあ～れ～！」	兵长「大炮的事，包在我身上～！」
ほそみの武士「兵長ってのはみんな　大砲大砲うるさいんかい？」	细身武士「兵长们个个都大炮大炮的，烦不烦啊？」
やきとり	烤鸡肉串
おっちゃん「ねぎま！　おすすめだぜ」	大叔「葱肉串！推荐哦」
獣人っ子「魔王は露出度が上がると強くなる変態ニャ」	兽人小子「魔王暴露度一高就变强，真是个变态喵」
ばあや「女の子にははじらいが必要なのよ」	保姆「女孩子需要有羞耻心」
兵長「不安でござる！　大砲を早く！」	兵长「在下不安！快架大炮！」
兵長「ふう・・・　安心したでござるよ」	兵长「呼……在下安心了」
みならい武士「ハタが一つの城は　ヒデーヨ一族の城だそうだ」	见习武士「只有一面旗的城，好像是秀代一族的城」
店番兵士「戦では　店番も命がけなんだよ！」	看店士兵「打起仗来，看店的也得拼命啊！」
大工武士「城を壊されたって　いくらでもたててやらあ！」	木匠武士「城被毁了，我再给你建多少座都行！」
巻物好き武士「海からとは　なんとひきょうな！」	爱卷轴武士「居然从海上，太卑鄙了！」
ばあちゃん「おお　おそろしい戦じゃ　くわばらくわばら」	奶奶「哦哦，可怕的战争，老天保佑老天保佑」
けが武士「トゲにはきをつけてくだされ！　イタイでござる」	伤武士「请小心尖刺！很疼的」
ハタ好き武士「ななめにハタがある城は　築城したてみたいだぞ」	爱旗武士「旗帜斜着的城，好像是刚筑好的」
３０号「トクガのシセンから　熱を感知しまシタ」	30号「从托加的视线中感知到热度」
武将の右ウデ「おかげでしばらくは　ゆったり過ごせそうだ」	武将的右臂「多亏了你，暂时能过得安稳了」
武将の右ウデ「<RGN_NAME__>殿に　せっしゃ感激いたした！」	武将的右臂「<RGN_NAME__>殿下，在下感激不尽！」
武将の左ウデ「お世話になりもうした」	武将的左臂「承蒙照顾了」
武将の左ウデ「さすがでござった！」	武将的左臂「果然了得！」
「さあ　邪魔者はされいっ！」	「来吧，把碍事的都赶走！」
「世の天下は我のものだっ！」	「这天下是我的！」
